{
  "family": "RT-DETR",
  "num_models": 1,
  "results": [
    {
      "model_name": "RT-DETR-l",
      "model_family": "RT-DETR",
      "model_variant": "l",
      "map50": 69.85959517935629,
      "map50_95": 51.87164596224263,
      "map75": 73.3456952401597,
      "precision": 74.24162374881152,
      "recall": 65.1572552954675,
      "f1_score": 69.40343373370739,
      "ap_small": null,
      "ap_medium": null,
      "ap_large": null,
      "fps": 147.6748612974439,
      "latency_ms": 6.7716332435607915,
      "preprocess_ms": 0.39766160137951373,
      "inference_ms": 4.627109272778035,
      "postprocess_ms": 0.1209604999050498,
      "parameters": 32000000,
      "gflops": 103.8,
      "model_size_mb": 63.43024444580078,
      "input_size": 640,
      "num_images": 5000,
      "total_time_seconds": 33.858166217803955,
      "timestamp": "2025-11-29T15:09:09.906913",
      "device": "cuda",
      "device_name": "NVIDIA GeForce RTX 4090"
    }
  ]
}