{
  "evaluation_type": "Assistive Technology for Visually Impaired",
  "focus": "Real-time object detection for navigation assistance",
  "critical_classes": [
    "person",
    "bicycle",
    "car",
    "motorcycle",
    "bus",
    "truck",
    "traffic light",
    "fire hydrant",
    "stop sign",
    "bench",
    "cat",
    "dog",
    "chair",
    "parking meter",
    "backpack",
    "umbrella",
    "suitcase",
    "couch",
    "potted plant",
    "bed",
    "dining table"
  ],
  "latency_target_ms": 50,
  "max_acceptable_latency_ms": 100,
  "results": [
    {
      "model_name": "YOLOv8n",
      "map50": 51.88948916422096,
      "map50_95": 36.96604478362636,
      "recall": 47.31563812105403,
      "precision": 63.23913565707665,
      "f1_score": 54.13063507946652,
      "critical_map50": 54.483963622432015,
      "critical_map50_95": 38.81434702280768,
      "critical_recall": 48.26195088347511,
      "avg_latency_ms": 6.020240830257535,
      "p95_latency_ms": 21.541335270740092,
      "p99_latency_ms": 22.312694019638002,
      "min_latency_ms": 3.2449141144752502,
      "max_latency_ms": 22.588648833334446,
      "fps": 423.396165588757,
      "mobile_feasible": {
        "high_end_phone": true,
        "mid_range_phone": true,
        "raspberry_pi": true,
        "jetson_nano": true
      },
      "meets_latency_target": true,
      "parameters": 3151904,
      "model_size_mb": 6.246372222900391,
      "input_size": 640
    },
    {
      "model_name": "YOLOv8s",
      "map50": 61.064210714769665,
      "map50_95": 44.612816220312354,
      "recall": 56.04329630901432,
      "precision": 68.15574576993934,
      "f1_score": 61.50889075164338,
      "critical_map50": 64.11742125050814,
      "critical_map50_95": 46.84345703132797,
      "critical_recall": 57.16416223519461,
      "avg_latency_ms": 5.565217202529311,
      "p95_latency_ms": 17.545026587322354,
      "p99_latency_ms": 18.367230868898332,
      "min_latency_ms": 3.252487163990736,
      "max_latency_ms": 18.716552760452032,
      "fps": 367.3092407728824,
      "mobile_feasible": {
        "high_end_phone": true,
        "mid_range_phone": true,
        "raspberry_pi": true,
        "jetson_nano": true
      },
      "meets_latency_target": true,
      "parameters": 3151904,
      "model_size_mb": 21.54233169555664,
      "input_size": 640
    },
    {
      "model_name": "YOLOv10n",
      "map50": 53.14148858716201,
      "map50_95": 38.18648652218493,
      "recall": 48.65551752700669,
      "precision": 64.0979106120217,
      "f1_score": 55.319240659933776,
      "critical_map50": 55.79856301652011,
      "critical_map50_95": 40.09581084829418,
      "critical_recall": 49.62862787754682,
      "avg_latency_ms": 4.5669204741716385,
      "p95_latency_ms": 6.969206756912172,
      "p99_latency_ms": 7.733992394059895,
      "min_latency_ms": 3.5700909793376923,
      "max_latency_ms": 8.058026898652315,
      "fps": 496.62304231153723,
      "mobile_feasible": {
        "high_end_phone": true,
        "mid_range_phone": true,
        "raspberry_pi": true,
        "jetson_nano": true
      },
      "meets_latency_target": true,
      "parameters": 2299264,
      "model_size_mb": 5.588896751403809,
      "input_size": 640
    },
    {
      "model_name": "YOLOv10s",
      "map50": 62.271149122718505,
      "map50_95": 45.96513628033416,
      "recall": 56.144030253744305,
      "precision": 70.04003802885993,
      "f1_score": 62.32688591492854,
      "critical_map50": 65.38470657885443,
      "critical_map50_95": 48.26339309435087,
      "critical_recall": 57.266910858819195,
      "avg_latency_ms": 4.488063286989927,
      "p95_latency_ms": 6.134918052703142,
      "p99_latency_ms": 6.849761735647916,
      "min_latency_ms": 3.6154650151729584,
      "max_latency_ms": 7.128460798412561,
      "fps": 399.71518402395697,
      "mobile_feasible": {
        "high_end_phone": true,
        "mid_range_phone": true,
        "raspberry_pi": true,
        "jetson_nano": true
      },
      "meets_latency_target": true,
      "parameters": 2299264,
      "model_size_mb": 15.853034019470215,
      "input_size": 640
    },
    {
      "model_name": "RT-DETR-l",
      "map50": 69.85959517935629,
      "map50_95": 51.87164596224263,
      "recall": 65.1572552954675,
      "precision": 74.24162374881152,
      "f1_score": 69.40343373370739,
      "critical_map50": 73.35257493832411,
      "critical_map50_95": 54.46522826035476,
      "critical_recall": 66.46040040137684,
      "avg_latency_ms": 13.845413345843554,
      "p95_latency_ms": 15.162366698496044,
      "p99_latency_ms": 15.291269454173744,
      "min_latency_ms": 12.483535800129175,
      "max_latency_ms": 15.325486660003662,
      "fps": 152.03712957536968,
      "mobile_feasible": {
        "high_end_phone": false,
        "mid_range_phone": true,
        "raspberry_pi": true,
        "jetson_nano": true
      },
      "meets_latency_target": true,
      "parameters": 32000000,
      "model_size_mb": 63.43024444580078,
      "input_size": 640
    }
  ]
}